<cv>
  <etatCivil>
    <nom>Bernard</nom>
    <prenom>Alain</prenom>
    <adresse>31 rue de la Loire, 75016 Paris</adresse>
    <dateDeNaissance>01-05-1983</dateDeNaissance>
    <telephone>07 54 32 87 65</telephone>
    <email>alain.bernard@sportify.com</email>
  </etatCivil>
  <diplomes>
    <diplome>
      <libelle>Licence STAPS, mention Entrainement Sportif</libelle>
      <annee>2005</annee>
      <institution>Universite de Strasbourg</institution>
    </diplome>
    <diplome>
      <libelle>Certificat de Coach Natation</libelle>
      <annee>2007</annee>
      <institution>FFN (Federation Francaise de Natation)</institution>
    </diplome>
  </diplomes>
  <experiences>
    <experience>
      <debut>01-06-2008</debut>
      <fin>31-12-2013</fin>
      <entreprise>Club de Natation de Paris</entreprise>
      <poste>Entraineur Natation</poste>
      <mission>Entrainement des nageurs de haut niveau, preparation aux competitions</mission>
    </experience>
    <experience>
      <debut>01-01-2014</debut>
      <fin>Present</fin>
      <entreprise>Sportify</entreprise>
      <poste>Entraineur Principal Natation</poste>
      <mission>Encadrement des equipes de natation, developpement de programmes d'entrainement</mission>
    </experience>
  </experiences>
</cv>
