<cv>
  <etatCivil>
    <nom>Dupont</nom>
    <prenom>Antoine</prenom>
    <adresse>48 avenue Jean Jaures, 75019 Paris</adresse>
    <dateDeNaissance>12-02-1988</dateDeNaissance>
    <telephone>06 38 29 10 20</telephone>
    <email>antoine.dupont@sportify.com</email>
  </etatCivil>
  <diplomes>
    <diplome>
      <libelle>Licence STAPS, mention Entrainement Sportif</libelle>
      <annee>2009</annee>
      <institution>Universite de Toulouse</institution>
    </diplome>
    <diplome>
      <libelle>Certificat d'Entraineur Rugby</libelle>
      <annee>2011</annee>
      <institution>FFR (Federation Francaise de Rugby)</institution>
    </diplome>
  </diplomes>
  <experiences>
    <experience>
      <debut>01-01-2012</debut>
      <fin>31-12-2017</fin>
      <entreprise>Stade Toulousain</entreprise>
      <poste>Entraineur Rugby</poste>
      <mission>Entrainement des equipes juniors, developpement des competences techniques</mission>
    </experience>
    <experience>
      <debut>01-01-2018</debut>
      <fin>Present</fin>
      <entreprise>Sportify</entreprise>
      <poste>Entraineur Principal Rugby</poste>
      <mission>Encadrement des equipes de rugby, strategie de jeu et preparation physique</mission>
    </experience>
  </experiences>
</cv>
