<cv>
  <etatCivil>
    <nom>Mears</nom>
    <prenom>Chris</prenom>
    <adresse>8 rue des Paquerettes, 75014 Paris</adresse>
    <dateDeNaissance>21-03-1990</dateDeNaissance>
    <telephone>06 24 53 76 48</telephone>
    <email>chris.mears@sportify.com</email>
  </etatCivil>
  <diplomes>
    <diplome>
      <libelle>Licence STAPS, mention Activite Physique et Sportive</libelle>
      <annee>2011</annee>
      <institution>Universite de Rennes</institution>
    </diplome>
    <diplome>
      <libelle>Certificat de Coach Plongeon</libelle>
      <annee>2013</annee>
      <institution>FFN (Federation Francaise de Natation)</institution>
    </diplome>
  </diplomes>
  <experiences>
    <experience>
      <debut>01-07-2014</debut>
      <fin>30-06-2018</fin>
      <entreprise>Club de Plongeon de Lyon</entreprise>
      <poste>Coach Plongeon</poste>
      <mission>Entrainement des plongeurs, developpement des competences techniques</mission>
    </experience>
    <experience>
      <debut>01-07-2018</debut>
      <fin>Present</fin>
      <entreprise>Sportify</entreprise>
      <poste>Entraineur Principal Plongeon</poste>
      <mission>Supervision des seances de plongeon, preparation des athletes aux competitions</mission>
    </experience>
  </experiences>
</cv>
