<cv>
  <etatCivil>
    <nom>Goggins</nom>
    <prenom>David</prenom>
    <adresse>14 avenue des Champs-Elysees, 75008 Paris</adresse>
    <dateDeNaissance>22-08-1980</dateDeNaissance>
    <telephone>07 53 28 97 64</telephone>
    <email>David.goggins@sportify.com</email>
  </etatCivil>
  <diplomes>
    <diplome>
      <libelle>Licence STAPS, mention Activite Physique Adaptee</libelle>
      <annee>2002</annee>
      <institution>Universite Paris Nanterre</institution>
    </diplome>
    <diplome>
      <libelle>Certificat en Coaching Fitness</libelle>
      <annee>2004</annee>
      <institution>Fitness Academy France</institution>
    </diplome>
  </diplomes>
  <experiences>
    <experience>
      <debut>01-05-2005</debut>
      <fin>31-12-2010</fin>
      <entreprise>Club Med Gym</entreprise>
      <poste>Coach Fitness</poste>
      <mission>Animation de cours de fitness collectifs et suivi personnalise des adherents</mission>
    </experience>
    <experience>
      <debut>01-01-2011</debut>
      <fin>Present</fin>
      <entreprise>Sportify</entreprise>
      <poste>Responsable des Programmes Fitness</poste>
      <mission>Conception de programmes de fitness adaptes et encadrement de l'equipe de coachs fitness</mission>
    </experience>
  </experiences>
</cv>
