<cv>
  <etatCivil>
    <nom>Becattini</nom>
    <prenom>Justine</prenom>
    <adresse>22 rue de la Paix, 75002 Paris</adresse>
    <dateDeNaissance>15-05-1990</dateDeNaissance>
    <telephone>07 54 29 10 25</telephone>
    <email>Justine.becattini@sportify.com</email>
  </etatCivil>
  <diplomes>
    <diplome>
      <libelle>BPJEPS Activites de la Forme</libelle>
      <annee>2012</annee>
      <institution>CREPS Ile-de-France</institution>
    </diplome>
    <diplome>
      <libelle>Certificat en Animation de Groupes</libelle>
      <annee>2014</annee>
      <institution>Fitness Group Academy</institution>
    </diplome>
  </diplomes>
  <experiences>
    <experience>
      <debut>01-07-2013</debut>
      <fin>30-06-2018</fin>
      <entreprise>Gym Paris</entreprise>
      <poste>Coach en Cours Collectifs</poste>
      <mission>Animation de divers cours collectifs et gestion de groupes de participants</mission>
    </experience>
    <experience>
      <debut>01-07-2018</debut>
      <fin>Present</fin>
      <entreprise>Sportify</entreprise>
      <poste>Responsable des Cours Collectifs</poste>
      <mission>Organisation et supervision des cours collectifs, formation des nouveaux coachs</mission>
    </experience>
  </experiences>
</cv>
