<cv>
  <etatCivil>
    <nom>Nadal</nom>
    <prenom>Rafael</prenom>
    <adresse>20 rue des Serres, 75013 Paris</adresse>
    <dateDeNaissance>27-06-1986</dateDeNaissance>
    <telephone>07 35 27 18 65</telephone>
    <email>rafael.nadal@sportify.com</email>
  </etatCivil>
  <diplomes>
    <diplome>
      <libelle>Licence STAPS, mention Entrainement Sportif</libelle>
      <annee>2007</annee>
      <institution>Universite de Montpellier</institution>
    </diplome>
    <diplome>
      <libelle>Certificat de Coach Tennis</libelle>
      <annee>2009</annee>
      <institution>FFT (Federation Francaise de Tennis)</institution>
    </diplome>
  </diplomes>
  <experiences>
    <experience>
      <debut>01-01-2010</debut>
      <fin>31-12-2015</fin>
      <entreprise>Tennis Club de Paris</entreprise>
      <poste>Coach Tennis</poste>
      <mission>Entrainement des jeunes talents et preparation aux competitions</mission>
    </experience>
    <experience>
      <debut>01-01-2016</debut>
      <fin>Present</fin>
      <entreprise>Sportify</entreprise>
      <poste>Entraineur Principal Tennis</poste>
      <mission>Supervision des coachs de tennis, elaboration de programmes d'entrainement</mission>
    </experience>
  </experiences>
</cv>
