<cv>
  <etatCivil>
    <nom>Sutton</nom>
    <prenom>Shane</prenom>
    <adresse>28 rue de Rivoli, 75004 Paris</adresse>
    <dateDeNaissance>19-07-1975</dateDeNaissance>
    <telephone>07 54 83 92 72</telephone>
    <email>Shane.sutton@sportify.com</email>
  </etatCivil>
  <diplomes>
    <diplome>
      <libelle>DEJEPS Cyclisme</libelle>
      <annee>1999</annee>
      <institution>Centre National du Cyclisme</institution>
    </diplome>
    <diplome>
      <libelle>Master STAPS, mention Entrainement Sportif</libelle>
      <annee>2001</annee>
      <institution>Universite de Lille</institution>
    </diplome>
  </diplomes>
  <experiences>
    <experience>
      <debut>01-06-2002</debut>
      <fin>30-09-2008</fin>
      <entreprise>Velo Club de Paris</entreprise>
      <poste>Coach Cyclisme</poste>
      <mission>Encadrement et entrainement des cyclistes competitifs</mission>
    </experience>
    <experience>
      <debut>01-10-2008</debut>
      <fin>Present</fin>
      <entreprise>Sportify</entreprise>
      <poste>Coach Principal en Biking</poste>
      <mission>Developpement de programmes d'entrainement en biking et supervision des coachs biking</mission>
    </experience>
  </experiences>
</cv>
