<cv>
  <etatCivil>
    <nom>Thompson</nom>
    <prenom>Shaun</prenom>
    <adresse>35 boulevard Haussmann, 75009 Paris</adresse>
    <dateDeNaissance>03-11-1985</dateDeNaissance>
    <telephone>07 51 28 35 49</telephone>
    <email>Shaun.thompson@sportify.com</email>
  </etatCivil>
  <diplomes>
    <diplome>
      <libelle>Licence STAPS, mention Activite Physique et Sportive</libelle>
      <annee>2006</annee>
      <institution>Universite de Montpellier</institution>
    </diplome>
    <diplome>
      <libelle>Certificat en Entrainement Cardio</libelle>
      <annee>2008</annee>
      <institution>Cardio Training Academy</institution>
    </diplome>
  </diplomes>
  <experiences>
    <experience>
      <debut>01-02-2009</debut>
      <fin>31-12-2014</fin>
      <entreprise>Club Cardio Paris</entreprise>
      <poste>Coach Cardio</poste>
      <mission>Animation de seances de cardio-training et suivi des progres des adherents</mission>
    </experience>
    <experience>
      <debut>01-01-2015</debut>
      <fin>Present</fin>
      <entreprise>Sportify</entreprise>
      <poste>Specialiste en Cardio-Training</poste>
      <mission>Elaboration de programmes de cardio-training et formation des coachs cardio</mission>
    </experience>
  </experiences>
</cv>
