<cv>
  <etatCivil>
    <nom>Delapart</nom>
    <prenom>Thibaud</prenom>
    <adresse>10 rue des Acacias, 75017 Paris</adresse>
    <dateDeNaissance>15-04-1985</dateDeNaissance>
    <telephone>06 23 45 18 92</telephone>
    <email>Thibaud.Delapart@sportify.com</email>
  </etatCivil>
  <diplomes>
    <diplome>
      <libelle>Licence STAPS</libelle>
      <annee>2007</annee>
      <institution>Universite Paris Descartes</institution>
    </diplome>
    <diplome>
      <libelle>Certificat d'Entrainement en Musculation</libelle>
      <annee>2009</annee>
      <institution>Institut National du Sport, de l'Expertise et de la Performance (INSEP)</institution>
    </diplome>
  </diplomes>
  <experiences>
    <experience>
      <debut>01-03-2010</debut>
      <fin>31-12-2015</fin>
      <entreprise>Gymnase Club Paris</entreprise>
      <poste>Coach en Musculation</poste>
      <mission>Encadrement et suivi des adherents dans leurs programmes de musculation</mission>
    </experience>
    <experience>
      <debut>01-01-2016</debut>
      <fin>Present</fin>
      <entreprise>Sportify</entreprise>
      <poste>Coach Principal en Musculation</poste>
      <mission>Developpement de programmes de musculation personnalises et formation des nouveaux coachs</mission>
    </experience>
  </experiences>
</cv>
