<cv>
  <etatCivil>
    <nom>Parker</nom>
    <prenom>Tony</prenom>
    <adresse>5 rue des Lilas, 75019 Paris</adresse>
    <dateDeNaissance>17-09-1978</dateDeNaissance>
    <telephone>06 54 32 12 34</telephone>
    <email>Tony.parker@sportify.com</email>
  </etatCivil>
  <diplomes>
    <diplome>
      <libelle>Licence STAPS, mention Entrainement Sportif</libelle>
      <annee>2000</annee>
      <institution>Universite de Lyon</institution>
    </diplome>
    <diplome>
      <libelle>Certificat de Coach Basketball</libelle>
      <annee>2002</annee>
      <institution>FFBB (Federation Francaise de Basketball)</institution>
    </diplome>
  </diplomes>
  <experiences>
    <experience>
      <debut>01-01-2003</debut>
      <fin>31-12-2010</fin>
      <entreprise>Basket Club Lyon</entreprise>
      <poste>Entraineur Basketball</poste>
      <mission>Entrainement des equipes juniors et seniors, preparation physique</mission>
    </experience>
    <experience>
      <debut>01-01-2011</debut>
      <fin>Present</fin>
      <entreprise>Sportify</entreprise>
      <poste>Entraineur Principal Basketball</poste>
      <mission>Encadrement des equipes de basketball, developpement de strategies de jeu</mission>
    </experience>
  </experiences>
</cv>
