<cv>
  <etatCivil>
    <nom>Zidane</nom>
    <prenom>Zinedine</prenom>
    <adresse>17 rue du Stade, 75012 Paris</adresse>
    <dateDeNaissance>23-06-1972</dateDeNaissance>
    <telephone>07 54 38 15 23</telephone>
    <email>zinedine.zidane@sportify.com</email>
  </etatCivil>
  <diplomes>
    <diplome>
      <libelle>Licence STAPS, mention Entrainement Sportif</libelle>
      <annee>1995</annee>
      <institution>Universite de Bordeaux</institution>
    </diplome>
    <diplome>
      <libelle>Certificat d'Entraineur Football</libelle>
      <annee>1998</annee>
      <institution>FFF (Federation Francaise de Football)</institution>
    </diplome>
  </diplomes>
  <experiences>
    <experience>
      <debut>01-01-2000</debut>
      <fin>31-12-2010</fin>
      <entreprise>Olympique de Marseille</entreprise>
      <poste>Entraineur adjoint</poste>
      <mission>Support a l'entrainement de l'equipe premiere, analyse des performances</mission>
    </experience>
    <experience>
      <debut>01-01-2011</debut>
      <fin>Present</fin>
      <entreprise>Sportify</entreprise>
      <poste>Entraineur Principal Football</poste>
      <mission>Encadrement des equipes de football, developpement des tactiques de jeu</mission>
    </experience>
  </experiences>
</cv>
